ISOcountry code,country,World region,Continent,Survey,Year,Admin,Admin name Region,admin level,Population Share (%),MPI,"Headcount Ratio (H, %)","Intensity (A, %)"
AFG,Afghanistan,South Asia,Asia,ALCS,2016-2017,province,Kabul,1,16,0.071,14.7,48
AFG,Afghanistan,South Asia,Asia,ALCS,2016-2017,province,Kapisa,1,1.6,0.119,24.7,48
AFG,Afghanistan,South Asia,Asia,ALCS,2016-2017,province,Parwan,1,2.4,0.217,42.4,51.1
AFG,Afghanistan,South Asia,Asia,ALCS,2016-2017,province,Wardak,1,2.2,0.337,67.1,50.2
AFG,Afghanistan,South Asia,Asia,ALCS,2016-2017,province,Logar,1,1.7,0.14,30.4,46.1
AFG,Afghanistan,South Asia,Asia,ALCS,2016-2017,province,Nangarhar,1,5.8,0.349,66.3,52.7
AFG,Afghanistan,South Asia,Asia,ALCS,2016-2017,province,Laghman,1,1.7,0.341,62.7,54.4
AFG,Afghanistan,South Asia,Asia,ALCS,2016-2017,province,Panjsher,1,0.5,0.117,25,46.8
AFG,Afghanistan,South Asia,Asia,ALCS,2016-2017,province,Baghlan,1,3.2,0.291,58,50.2
AFG,Afghanistan,South Asia,Asia,ALCS,2016-2017,province,Bamyan,1,1.6,0.309,59.3,52.1
AFG,Afghanistan,South Asia,Asia,ALCS,2016-2017,province,Ghazni,1,4.4,0.305,58.7,51.9
AFG,Afghanistan,South Asia,Asia,ALCS,2016-2017,province,Paktika,1,1.5,0.14,29.7,47.1
AFG,Afghanistan,South Asia,Asia,ALCS,2016-2017,province,Paktya,1,1.9,0.235,48.3,48.5
AFG,Afghanistan,South Asia,Asia,ALCS,2016-2017,province,Khost,1,2.2,0.252,51.6,48.8
AFG,Afghanistan,South Asia,Asia,ALCS,2016-2017,province,Kunarha,1,1.6,0.302,57,53.1
AFG,Afghanistan,South Asia,Asia,ALCS,2016-2017,province,Nooristan,1,0.5,0.476,80.2,59.3
AFG,Afghanistan,South Asia,Asia,ALCS,2016-2017,province,Badakhshan,1,3.4,0.348,64.9,53.7
AFG,Afghanistan,South Asia,Asia,ALCS,2016-2017,province,Takhar,1,3.4,0.259,51.9,49.8
AFG,Afghanistan,South Asia,Asia,ALCS,2016-2017,province,Kunduz,1,3.8,0.43,77.3,55.6
AFG,Afghanistan,South Asia,Asia,ALCS,2016-2017,province,Samangan,1,1.3,0.409,72.7,56.3
AFG,Afghanistan,South Asia,Asia,ALCS,2016-2017,province,Balkh,1,4.8,0.237,45,52.6
AFG,Afghanistan,South Asia,Asia,ALCS,2016-2017,province,Sar-e-Pul,1,2,0.324,61.3,52.8
AFG,Afghanistan,South Asia,Asia,ALCS,2016-2017,province,Ghor,1,2.6,0.365,70.1,52.1
AFG,Afghanistan,South Asia,Asia,ALCS,2016-2017,province,Daykundi,1,1.6,0.348,67.4,51.7
AFG,Afghanistan,South Asia,Asia,ALCS,2016-2017,province,Urozgan,1,1.3,0.378,71.2,53.1
AFG,Afghanistan,South Asia,Asia,ALCS,2016-2017,province,Zabul,1,1.2,0.416,76.9,54.1
AFG,Afghanistan,South Asia,Asia,ALCS,2016-2017,province,Kandahar,1,4.4,0.342,66.7,51.3
AFG,Afghanistan,South Asia,Asia,ALCS,2016-2017,province,Jawzjan,1,1.9,0.207,43,48.1
AFG,Afghanistan,South Asia,Asia,ALCS,2016-2017,province,Faryab,1,3.9,0.388,68.3,56.2
AFG,Afghanistan,South Asia,Asia,ALCS,2016-2017,province,Helmand,1,3.3,0.376,73.9,50.8
AFG,Afghanistan,South Asia,Asia,ALCS,2016-2017,province,Badghis,1,2.4,0.504,85.5,58.9
AFG,Afghanistan,South Asia,Asia,ALCS,2016-2017,province,Herat,1,7.1,0.316,57.6,54.8
AFG,Afghanistan,South Asia,Asia,ALCS,2016-2017,province,Farah,1,2.1,0.367,66.7,55
AFG,Afghanistan,South Asia,Asia,ALCS,2016-2017,province,Nimroz,1,0.7,0.237,47.5,49.9
MRT,Mauritania,Sub-Saharan Africa,Africa,EPCV,2019,region,Guidimagha,1,8.1,0.577,90.2,63.9
MRT,Mauritania,Sub-Saharan Africa,Africa,EPCV,2019,region,Gorgol,1,9,0.46,79.7,57.7
MRT,Mauritania,Sub-Saharan Africa,Africa,EPCV,2019,region,Hodh Chargui,1,12.2,0.451,77.8,58
MRT,Mauritania,Sub-Saharan Africa,Africa,EPCV,2019,region,Hodh Gharbi,1,8.1,0.436,74.3,58.7
MRT,Mauritania,Sub-Saharan Africa,Africa,EPCV,2019,region,Assaba,1,9.2,0.387,67.3,57.5
MRT,Mauritania,Sub-Saharan Africa,Africa,EPCV,2019,region,Tagant,1,2,0.373,64.4,57.9
MRT,Mauritania,Sub-Saharan Africa,Africa,EPCV,2019,region,Brakna,1,9.2,0.34,62.1,54.8
MRT,Mauritania,Sub-Saharan Africa,Africa,EPCV,2019,region,Adrar,1,2,0.229,44.4,51.5
MRT,Mauritania,Sub-Saharan Africa,Africa,EPCV,2019,region,Trarza,1,8.2,0.202,39.9,50.6
MRT,Mauritania,Sub-Saharan Africa,Africa,EPCV,2019,region,Nouakchott ,1,26.2,0.149,30.7,48.7
MRT,Mauritania,Sub-Saharan Africa,Africa,EPCV,2019,region,Inchiri,1,1,0.136,28.5,47.9
MRT,Mauritania,Sub-Saharan Africa,Africa,EPCV,2019,region,Nouadhibou,1,3,0.126,26.4,47.5
MRT,Mauritania,Sub-Saharan Africa,Africa,EPCV,2019,region,Tiris Zemmour,1,1.9,0.122,25.2,48.5
NGA,Nigeria,Sub-Saharan Africa,Africa,MPIS,2022,state,Abia,1,1.8,0.101,29.8,33.9
NGA,Nigeria,Sub-Saharan Africa,Africa,MPIS,2022,state,Adamawa,1,2.4,0.283,68.7,41.2
NGA,Nigeria,Sub-Saharan Africa,Africa,MPIS,2022,state,Akwa Ibom,1,3.4,0.293,71.3,41.1
NGA,Nigeria,Sub-Saharan Africa,Africa,MPIS,2022,state,Anambra,1,2.4,0.109,32.1,34.1
NGA,Nigeria,Sub-Saharan Africa,Africa,MPIS,2022,state,Bauchi,1,3.7,0.298,73.9,40.4
NGA,Nigeria,Sub-Saharan Africa,Africa,MPIS,2022,state,Bayelsa,1,1.4,0.401,88.5,45.3
NGA,Nigeria,Sub-Saharan Africa,Africa,MPIS,2022,state,Benue,1,3,0.312,75,41.6
NGA,Nigeria,Sub-Saharan Africa,Africa,MPIS,2022,state,Borno,1,1.5,0.315,72.5,43.4
NGA,Nigeria,Sub-Saharan Africa,Africa,MPIS,2022,state,Cross River,1,2.2,0.299,75.4,39.7
NGA,Nigeria,Sub-Saharan Africa,Africa,MPIS,2022,state,Delta,1,2.7,0.173,47.6,36.4
NGA,Nigeria,Sub-Saharan Africa,Africa,MPIS,2022,State,Ebonyi,1,2.2,0.32,78,41.1
NGA,Nigeria,Sub-Saharan Africa,Africa,MPIS,2022,State,Edo,1,1.9,0.126,35.4,35.6
NGA,Nigeria,Sub-Saharan Africa,Africa,MPIS,2022,State,Ekiti,1,1.7,0.125,36,34.9
NGA,Nigeria,Sub-Saharan Africa,Africa,MPIS,2022,State,Enugu,1,2,0.234,63.1,37.2
NGA,Nigeria,Sub-Saharan Africa,Africa,MPIS,2022,State,Gombe,1,1.7,0.38,86.2,44
NGA,Nigeria,Sub-Saharan Africa,Africa,MPIS,2022,State,Imo,1,2.1,0.142,40.7,35
NGA,Nigeria,Sub-Saharan Africa,Africa,MPIS,2022,State,Jigawa,1,3.2,0.385,84.3,45.7
NGA,Nigeria,Sub-Saharan Africa,Africa,MPIS,2022,State,Kaduna,1,5.1,0.298,73.9,40.3
NGA,Nigeria,Sub-Saharan Africa,Africa,MPIS,2022,State,Kano,1,7.5,0.27,66.3,40.8
NGA,Nigeria,Sub-Saharan Africa,Africa,MPIS,2022,State,Katsina,1,4.5,0.304,72.7,41.7
NGA,Nigeria,Sub-Saharan Africa,Africa,MPIS,2022,State,Kebbi,1,2.5,0.385,82.2,46.8
NGA,Nigeria,Sub-Saharan Africa,Africa,MPIS,2022,State,Kogi,1,2.2,0.25,61.3,40.8
NGA,Nigeria,Sub-Saharan Africa,Africa,MPIS,2022,State,Kwara,1,1.7,0.185,48.3,38.2
NGA,Nigeria,Sub-Saharan Africa,Africa,MPIS,2022,State,Lagos,1,6.8,0.101,29.4,34.3
NGA,Nigeria,Sub-Saharan Africa,Africa,MPIS,2022,State,Nasarawa,1,1.1,0.243,60.7,39.9
NGA,Nigeria,Sub-Saharan Africa,Africa,MPIS,2022,State,Niger,1,2.5,0.278,69.1,40.2
NGA,Nigeria,Sub-Saharan Africa,Africa,MPIS,2022,State,Ogun,1,2.6,0.289,68.1,42.4
NGA,Nigeria,Sub-Saharan Africa,Africa,MPIS,2022,State,Ondo,1,2.2,0.095,27.2,34.9
NGA,Nigeria,Sub-Saharan Africa,Africa,MPIS,2022,State,Osun,1,2.2,0.15,40.7,36.8
NGA,Nigeria,Sub-Saharan Africa,Africa,MPIS,2022,State,Oyo,1,3.7,0.19,48.7,39
NGA,Nigeria,Sub-Saharan Africa,Africa,MPIS,2022,State,Plateau,1,2.4,0.365,84,43.5
NGA,Nigeria,Sub-Saharan Africa,Africa,MPIS,2022,State,Rivers,1,3.3,0.241,62.4,38.7
NGA,Nigeria,Sub-Saharan Africa,Africa,MPIS,2022,State,Sokoto,1,3,0.409,90.5,45.2
NGA,Nigeria,Sub-Saharan Africa,Africa,MPIS,2022,State,Taraba,1,1.7,0.34,79.4,42.8
NGA,Nigeria,Sub-Saharan Africa,Africa,MPIS,2022,State,Yobe,1,1.8,0.37,83.5,44.3
NGA,Nigeria,Sub-Saharan Africa,Africa,MPIS,2022,State,Zamfara,1,2.5,0.328,78,42.1
NGA,Nigeria,Sub-Saharan Africa,Africa,MPIS,2022,State,FCT Abuja,1,1.6,0.186,48.3,38.6
NGA,Nigeria,Sub-Saharan Africa,Africa,MPIS,2022,Senatorial district,Abia Central,2,0.8,0.089,26.4,33.7
NGA,Nigeria,Sub-Saharan Africa,Africa,MPIS,2022,Senatorial district,Abia North,2,0.4,0.094,28.8,32.6
NGA,Nigeria,Sub-Saharan Africa,Africa,MPIS,2022,Senatorial district,Abia South,2,0.5,0.125,36,34.9
NGA,Nigeria,Sub-Saharan Africa,Africa,MPIS,2022,Senatorial district,Adamawa Central,2,0.7,0.257,63,40.8
NGA,Nigeria,Sub-Saharan Africa,Africa,MPIS,2022,Senatorial district,Adamawa North,2,1,0.288,70.9,40.7
NGA,Nigeria,Sub-Saharan Africa,Africa,MPIS,2022,Senatorial district,Adamawa South,2,0.6,0.305,71.8,42.6
NGA,Nigeria,Sub-Saharan Africa,Africa,MPIS,2022,Senatorial district,Akwa Ibom North East,2,1.1,0.283,69.3,40.8
NGA,Nigeria,Sub-Saharan Africa,Africa,MPIS,2022,Senatorial district,Akwa Ibom North West,2,1.1,0.288,71.3,40.4
NGA,Nigeria,Sub-Saharan Africa,Africa,MPIS,2022,Senatorial district,Akwa Ibom South,2,1.2,0.308,73.2,42.1
NGA,Nigeria,Sub-Saharan Africa,Africa,MPIS,2022,Senatorial district,Anambra Central,2,0.7,0.09,26,34.6
NGA,Nigeria,Sub-Saharan Africa,Africa,MPIS,2022,Senatorial district,Anambra North,2,0.8,0.105,30.7,34.3
NGA,Nigeria,Sub-Saharan Africa,Africa,MPIS,2022,Senatorial district,Anambra South,2,0.9,0.129,38.3,33.6
NGA,Nigeria,Sub-Saharan Africa,Africa,MPIS,2022,Senatorial district,Bauchi Central,2,1.5,0.329,78.5,42
NGA,Nigeria,Sub-Saharan Africa,Africa,MPIS,2022,Senatorial district,Bauchi North,2,1.1,0.318,79.8,39.8
NGA,Nigeria,Sub-Saharan Africa,Africa,MPIS,2022,Senatorial district,Bauchi South,2,1,0.233,61.1,38.2
NGA,Nigeria,Sub-Saharan Africa,Africa,MPIS,2022,Senatorial district,Bayelsa Central,2,0.4,0.353,85.2,41.4
NGA,Nigeria,Sub-Saharan Africa,Africa,MPIS,2022,Senatorial district,Bayelsa East,2,0.5,0.347,83.3,41.6
NGA,Nigeria,Sub-Saharan Africa,Africa,MPIS,2022,Senatorial district,Bayelsa West,2,0.5,0.494,96.3,51.3
NGA,Nigeria,Sub-Saharan Africa,Africa,MPIS,2022,Senatorial district,Benue North East,2,1,0.241,62.9,38.3
NGA,Nigeria,Sub-Saharan Africa,Africa,MPIS,2022,Senatorial district,Benue North West,2,0.7,0.308,75.2,40.9
NGA,Nigeria,Sub-Saharan Africa,Africa,MPIS,2022,Senatorial district,Benue South,2,1.3,0.366,83.7,43.7
NGA,Nigeria,Sub-Saharan Africa,Africa,MPIS,2022,Senatorial district,Borno Central,2,0.9,0.3,71.6,41.9
NGA,Nigeria,Sub-Saharan Africa,Africa,MPIS,2022,Senatorial district,Borno North,2,0.1,0.413,88.9,46.4
NGA,Nigeria,Sub-Saharan Africa,Africa,MPIS,2022,Senatorial district,Borno South,2,0.4,0.318,69.4,45.8
NGA,Nigeria,Sub-Saharan Africa,Africa,MPIS,2022,Senatorial district,Cross River Central,2,0.9,0.29,73.6,39.4
NGA,Nigeria,Sub-Saharan Africa,Africa,MPIS,2022,Senatorial district,Cross River North,2,0.8,0.335,83.5,40.2
NGA,Nigeria,Sub-Saharan Africa,Africa,MPIS,2022,Senatorial district,Cross River South,2,0.5,0.256,65.5,39.1
NGA,Nigeria,Sub-Saharan Africa,Africa,MPIS,2022,Senatorial district,Delta Central,2,0.9,0.174,47.9,36.3
NGA,Nigeria,Sub-Saharan Africa,Africa,MPIS,2022,Senatorial district,Delta North,2,1,0.156,43.2,36.1
NGA,Nigeria,Sub-Saharan Africa,Africa,MPIS,2022,Senatorial district,Delta South,2,0.8,0.194,52.5,36.9
NGA,Nigeria,Sub-Saharan Africa,Africa,MPIS,2022,Senatorial district,Ebonyi South,2,0.5,0.248,66.2,37.5
NGA,Nigeria,Sub-Saharan Africa,Africa,MPIS,2022,Senatorial district,Ebonyi Central,2,0.9,0.341,83.3,40.9
NGA,Nigeria,Sub-Saharan Africa,Africa,MPIS,2022,Senatorial district,Ebonyi North,2,0.9,0.339,79,42.9
NGA,Nigeria,Sub-Saharan Africa,Africa,MPIS,2022,Senatorial district,Edo South,2,0.7,0.094,27.6,34.3
NGA,Nigeria,Sub-Saharan Africa,Africa,MPIS,2022,Senatorial district,Edo Central,2,0.6,0.128,35.8,35.8
NGA,Nigeria,Sub-Saharan Africa,Africa,MPIS,2022,Senatorial district,Edo North,2,0.5,0.169,46.3,36.5
NGA,Nigeria,Sub-Saharan Africa,Africa,MPIS,2022,Senatorial district,Ekiti South,2,0.8,0.128,36.7,34.7
NGA,Nigeria,Sub-Saharan Africa,Africa,MPIS,2022,Senatorial district,Ekiti Central,2,0.5,0.122,34.7,35.2
NGA,Nigeria,Sub-Saharan Africa,Africa,MPIS,2022,Senatorial district,Ekiti North,2,0.5,0.125,35.9,34.9
NGA,Nigeria,Sub-Saharan Africa,Africa,MPIS,2022,Senatorial district,Enugu North,2,1,0.236,63.9,37
NGA,Nigeria,Sub-Saharan Africa,Africa,MPIS,2022,Senatorial district,Enugu East,2,0.4,0.297,75.3,39.5
NGA,Nigeria,Sub-Saharan Africa,Africa,MPIS,2022,Senatorial district,Enugu West,2,0.6,0.195,54.7,35.7
NGA,Nigeria,Sub-Saharan Africa,Africa,MPIS,2022,Senatorial district,Gombe Central,2,0.7,0.396,88.8,44.6
NGA,Nigeria,Sub-Saharan Africa,Africa,MPIS,2022,Senatorial district,Gombe North,2,0.4,0.394,88.5,44.5
NGA,Nigeria,Sub-Saharan Africa,Africa,MPIS,2022,Senatorial district,Gombe South,2,0.5,0.346,80.9,42.8
NGA,Nigeria,Sub-Saharan Africa,Africa,MPIS,2022,Senatorial district,Imo East,2,0.8,0.132,38.7,34.1
NGA,Nigeria,Sub-Saharan Africa,Africa,MPIS,2022,Senatorial district,Imo North,2,0.8,0.172,48.8,35.3
NGA,Nigeria,Sub-Saharan Africa,Africa,MPIS,2022,Senatorial district,Imo West,2,0.5,0.113,31.2,36.2
NGA,Nigeria,Sub-Saharan Africa,Africa,MPIS,2022,Senatorial district,Jigawa North East,2,0.7,0.426,87.6,48.6
NGA,Nigeria,Sub-Saharan Africa,Africa,MPIS,2022,Senatorial district,Jigawa North West,2,1.9,0.374,83.3,44.9
NGA,Nigeria,Sub-Saharan Africa,Africa,MPIS,2022,Senatorial district,Jigawa South West,2,0.6,0.373,83.7,44.5
NGA,Nigeria,Sub-Saharan Africa,Africa,MPIS,2022,Senatorial district,Kaduna Central,2,1.1,0.263,65.6,40.1
NGA,Nigeria,Sub-Saharan Africa,Africa,MPIS,2022,Senatorial district,Kaduna North,2,2.3,0.322,79.4,40.5
NGA,Nigeria,Sub-Saharan Africa,Africa,MPIS,2022,Senatorial district,Kaduna South,2,1.7,0.289,72.1,40.1
NGA,Nigeria,Sub-Saharan Africa,Africa,MPIS,2022,Senatorial district,Kano South,2,2.7,0.324,77,42.1
NGA,Nigeria,Sub-Saharan Africa,Africa,MPIS,2022,Senatorial district,Kano Central,2,2.8,0.192,49.8,38.6
NGA,Nigeria,Sub-Saharan Africa,Africa,MPIS,2022,Senatorial district,Kano North,2,2,0.308,75,41.1
NGA,Nigeria,Sub-Saharan Africa,Africa,MPIS,2022,Senatorial district,Katsina Central,2,1.7,0.324,77.9,41.6
NGA,Nigeria,Sub-Saharan Africa,Africa,MPIS,2022,Senatorial district,Katsina North,2,1.5,0.334,76.1,43.9
NGA,Nigeria,Sub-Saharan Africa,Africa,MPIS,2022,Senatorial district,Katsina South,2,1.4,0.245,62.7,39
NGA,Nigeria,Sub-Saharan Africa,Africa,MPIS,2022,Senatorial district,Kebbi Central,2,0.9,0.373,83.1,44.9
NGA,Nigeria,Sub-Saharan Africa,Africa,MPIS,2022,Senatorial district,Kebbi North,2,0.9,0.362,80.3,45.1
NGA,Nigeria,Sub-Saharan Africa,Africa,MPIS,2022,Senatorial district,Kebbi South,2,0.7,0.431,83.8,51.5
NGA,Nigeria,Sub-Saharan Africa,Africa,MPIS,2022,Senatorial district,Kogi Central,2,0.6,0.179,49.5,36.1
NGA,Nigeria,Sub-Saharan Africa,Africa,MPIS,2022,Senatorial district,Kogi East,2,1,0.333,77,43.3
NGA,Nigeria,Sub-Saharan Africa,Africa,MPIS,2022,Senatorial district,Kogi West,2,0.6,0.173,45.5,38.1
NGA,Nigeria,Sub-Saharan Africa,Africa,MPIS,2022,Senatorial district,Kwara Central,2,0.6,0.155,42.7,36.3
NGA,Nigeria,Sub-Saharan Africa,Africa,MPIS,2022,Senatorial district,Kwara North,2,0.7,0.227,56.7,40.1
NGA,Nigeria,Sub-Saharan Africa,Africa,MPIS,2022,Senatorial district,Kwara South,2,0.4,0.153,41.7,36.7
NGA,Nigeria,Sub-Saharan Africa,Africa,MPIS,2022,Senatorial district,Lagos West,2,3,0.098,29.7,33
NGA,Nigeria,Sub-Saharan Africa,Africa,MPIS,2022,Senatorial district,Lagos Central,2,1.8,0.077,22.6,33.9
NGA,Nigeria,Sub-Saharan Africa,Africa,MPIS,2022,Senatorial district,Lagos East,2,1.9,0.129,35.5,36.3
NGA,Nigeria,Sub-Saharan Africa,Africa,MPIS,2022,Senatorial district,Nassarawa South,2,0.4,0.277,68.5,40.4
NGA,Nigeria,Sub-Saharan Africa,Africa,MPIS,2022,Senatorial district,Nassarawa North,2,0.3,0.235,58.8,40
NGA,Nigeria,Sub-Saharan Africa,Africa,MPIS,2022,Senatorial district,Nassarawa West,2,0.3,0.202,51.8,39
NGA,Nigeria,Sub-Saharan Africa,Africa,MPIS,2022,Senatorial district,Niger East,2,1.4,0.26,64.5,40.3
NGA,Nigeria,Sub-Saharan Africa,Africa,MPIS,2022,Senatorial district,Niger North,2,0.7,0.313,76.4,41
NGA,Nigeria,Sub-Saharan Africa,Africa,MPIS,2022,Senatorial district,Niger South,2,0.4,0.277,72.3,38.3
NGA,Nigeria,Sub-Saharan Africa,Africa,MPIS,2022,Senatorial district,Ogun Central,2,0.5,0.18,46.4,38.7
NGA,Nigeria,Sub-Saharan Africa,Africa,MPIS,2022,Senatorial district,Ogun East,2,0.7,0.172,48.9,35.1
NGA,Nigeria,Sub-Saharan Africa,Africa,MPIS,2022,Senatorial district,Ogun West,2,1.5,0.377,83.9,44.9
NGA,Nigeria,Sub-Saharan Africa,Africa,MPIS,2022,Senatorial district,Ondo Central,2,0.8,0.072,20.1,35.6
NGA,Nigeria,Sub-Saharan Africa,Africa,MPIS,2022,Senatorial district,Ondo North,2,0.6,0.079,23.5,33.7
NGA,Nigeria,Sub-Saharan Africa,Africa,MPIS,2022,Senatorial district,Ondo South,2,0.9,0.127,36.2,35.1
NGA,Nigeria,Sub-Saharan Africa,Africa,MPIS,2022,Senatorial district,Osun Central,2,0.9,0.142,38,37.3
NGA,Nigeria,Sub-Saharan Africa,Africa,MPIS,2022,Senatorial district,Osun East,2,0.5,0.134,38.3,35
NGA,Nigeria,Sub-Saharan Africa,Africa,MPIS,2022,Senatorial district,Osun West,2,0.8,0.171,45.5,37.5
NGA,Nigeria,Sub-Saharan Africa,Africa,MPIS,2022,Senatorial district,Oyo Central,2,1.4,0.167,44.8,37.4
NGA,Nigeria,Sub-Saharan Africa,Africa,MPIS,2022,Senatorial district,Oyo North,2,1.1,0.256,60.1,42.6
NGA,Nigeria,Sub-Saharan Africa,Africa,MPIS,2022,Senatorial district,Oyo South,2,1.1,0.154,42.4,36.4
NGA,Nigeria,Sub-Saharan Africa,Africa,MPIS,2022,Senatorial district,Plateau Central,2,0.9,0.349,83.6,41.8
NGA,Nigeria,Sub-Saharan Africa,Africa,MPIS,2022,Senatorial district,Plateau North,2,0.5,0.353,79.1,44.6
NGA,Nigeria,Sub-Saharan Africa,Africa,MPIS,2022,Senatorial district,Plateau South,2,1,0.384,86.5,44.4
NGA,Nigeria,Sub-Saharan Africa,Africa,MPIS,2022,Senatorial district,Rivers East,2,1.6,0.186,52,35.7
NGA,Nigeria,Sub-Saharan Africa,Africa,MPIS,2022,Senatorial district,Rivers South East,2,0.8,0.299,73.5,40.7
NGA,Nigeria,Sub-Saharan Africa,Africa,MPIS,2022,Senatorial district,Rivers West,2,1,0.288,70.6,40.7
NGA,Nigeria,Sub-Saharan Africa,Africa,MPIS,2022,Senatorial district,Osun West,2,0.8,0.171,45.5,37.5
NGA,Nigeria,Sub-Saharan Africa,Africa,MPIS,2022,Senatorial district,Sokoto East,2,1,0.408,90.3,45.2
NGA,Nigeria,Sub-Saharan Africa,Africa,MPIS,2022,Senatorial district,Sokoto North,2,1,0.42,89.4,47
NGA,Nigeria,Sub-Saharan Africa,Africa,MPIS,2022,Senatorial district,Sokoto South,2,1.1,0.401,91.8,43.7
NGA,Nigeria,Sub-Saharan Africa,Africa,MPIS,2022,Senatorial district,Taraba Central,2,0.5,0.306,75.5,40.6
NGA,Nigeria,Sub-Saharan Africa,Africa,MPIS,2022,Senatorial district,Taraba North,2,0.6,0.394,83.6,47.1
NGA,Nigeria,Sub-Saharan Africa,Africa,MPIS,2022,Senatorial district,Taraba South,2,0.6,0.316,78.6,40.1
NGA,Nigeria,Sub-Saharan Africa,Africa,MPIS,2022,Senatorial district,Yobe East,2,1.1,0.345,80.8,42.8
NGA,Nigeria,Sub-Saharan Africa,Africa,MPIS,2022,Senatorial district,Yobe North,2,0.4,0.394,87.6,45
NGA,Nigeria,Sub-Saharan Africa,Africa,MPIS,2022,Senatorial district,Yobe South,2,0.3,0.425,88.1,48.3
NGA,Nigeria,Sub-Saharan Africa,Africa,MPIS,2022,Senatorial district,Zamfara Central,2,0.9,0.286,73.1,39.1
NGA,Nigeria,Sub-Saharan Africa,Africa,MPIS,2022,Senatorial district,Zamfara North,2,0.4,0.315,75.4,41.8
NGA,Nigeria,Sub-Saharan Africa,Africa,MPIS,2022,Senatorial district,Zamfara West,2,1.2,0.365,82.6,44.1
NGA,Nigeria,Sub-Saharan Africa,Africa,MPIS,2022,Senatorial district,FCT Abuja,2,1.6,0.186,48.3,38.6
UGA,Uganda,Sub-Saharan Africa,Africa,UNHS ,2019-2020,Region,Central,1,,0.108,20.5,52.8
UGA,Uganda,Sub-Saharan Africa,Africa,UNHS ,2019-2021,Region,Eastern,1,,0.245,45.7,53.5
UGA,Uganda,Sub-Saharan Africa,Africa,UNHS ,2019-2022,Region,Northern,1,,0.362,62.9,57.5
UGA,Uganda,Sub-Saharan Africa,Africa,UNHS ,2019-2023,Region,Western,1,,0.242,45.1,53.7
UGA,Uganda,Sub-Saharan Africa,Africa,UNHS ,2019-2024,Sub-region,Kampala,2,,0.002,0.4,42.9
UGA,Uganda,Sub-Saharan Africa,Africa,UNHS ,2019-2025,Sub-region,Buganda South,2,,0.095,17.9,52.9
UGA,Uganda,Sub-Saharan Africa,Africa,UNHS ,2019-2026,Sub-region,Buganda North,2,,0.166,31.5,52.8
UGA,Uganda,Sub-Saharan Africa,Africa,UNHS ,2019-2027,Sub-region,Busoga,2,,0.244,45.1,54.1
UGA,Uganda,Sub-Saharan Africa,Africa,UNHS ,2019-2028,Sub-region,Bukedi,2,,0.224,42.2,53
UGA,Uganda,Sub-Saharan Africa,Africa,UNHS ,2019-2029,Sub-region,Elgon,2,,0.205,40.5,50.7
UGA,Uganda,Sub-Saharan Africa,Africa,UNHS ,2019-2030,Sub-region,Teso,2,,0.306,55.6,55.1
UGA,Uganda,Sub-Saharan Africa,Africa,UNHS ,2019-2031,Sub-region,Karamoja,2,,0.55,84.9,64.8
UGA,Uganda,Sub-Saharan Africa,Africa,UNHS ,2019-2032,Sub-region,Lango,2,,0.315,57,55.2
UGA,Uganda,Sub-Saharan Africa,Africa,UNHS ,2019-2033,Sub-region,Acholi,2,,0.352,63.6,55.4
UGA,Uganda,Sub-Saharan Africa,Africa,UNHS ,2019-2034,Sub-region,West Nile,2,,0.334,59.1,56.6
UGA,Uganda,Sub-Saharan Africa,Africa,UNHS ,2019-2035,Sub-region,Bunyoro,2,,0.247,45.7,54
UGA,Uganda,Sub-Saharan Africa,Africa,UNHS ,2019-2036,Sub-region,Toro,2,,0.246,45.5,54.2
UGA,Uganda,Sub-Saharan Africa,Africa,UNHS ,2019-2037,Sub-region,Ankole,2,,0.229,42.6,53.7
UGA,Uganda,Sub-Saharan Africa,Africa,UNHS ,2019-2038,Sub-region,Kigezi,2,,0.254,48.4,52.4
IND,India,South Asia,Asia,NFHS,2015-2016,State,Andhra Pradesh,1,,0.053,12.31,43.23
IND,India,South Asia,Asia,NFHS,2015-2016,State,Arunachal Pradesh,1,,0.115,24.27,47.26
IND,India,South Asia,Asia,NFHS,2015-2016,State,Assam,1,,0.156,32.67,47.89
IND,India,South Asia,Asia,NFHS,2015-2016,State,Bihar,1,,0.265,51.91,51.02
IND,India,South Asia,Asia,NFHS,2015-2016,State,Chhattisgarh,1,,0.134,29.91,44.64
IND,India,South Asia,Asia,NFHS,2015-2016,State,Goa,1,,0.015,3.76,40.16
IND,India,South Asia,Asia,NFHS,2015-2016,State,Gujarat,1,,0.084,18.6,45
IND,India,South Asia,Asia,NFHS,2015-2016,State,Haryana,1,,0.055,12.28,44.4
IND,India,South Asia,Asia,NFHS,2015-2016,State,Himachal Pradesh,1,,0.03,7.62,39.43
IND,India,South Asia,Asia,NFHS,2015-2016,State,Jharkhand,1,,0.202,42.16,47.91
IND,India,South Asia,Asia,NFHS,2015-2016,State,Karnataka,1,,0.056,13.16,42.7
IND,India,South Asia,Asia,NFHS,2015-2016,State,Kerala,1,,0.003,0.71,39.02
IND,India,South Asia,Asia,NFHS,2015-2016,State,Madhya Pradesh,1,,0.173,36.65,47.25
IND,India,South Asia,Asia,NFHS,2015-2016,State,Maharashtra,1,,0.065,14.85,43.78
IND,India,South Asia,Asia,NFHS,2015-2016,State,Manipur,1,,0.08,17.89,44.44
IND,India,South Asia,Asia,NFHS,2015-2016,State,Meghalaya,1,,0.157,32.67,48.06
IND,India,South Asia,Asia,NFHS,2015-2016,State,Mizoram,1,,0.046,9.8,47.4
IND,India,South Asia,Asia,NFHS,2015-2016,State,Nagaland,1,,0.117,25.23,46.33
IND,India,South Asia,Asia,NFHS,2015-2016,State,Odisha,1,,0.136,29.35,46.42
IND,India,South Asia,Asia,NFHS,2015-2016,State,Punjab,1,,0.024,5.59,43.75
IND,India,South Asia,Asia,NFHS,2015-2016,State,Rajasthan,1,,0.14,29.46,47.44
IND,India,South Asia,Asia,NFHS,2015-2016,State,Sikkim,1,,0.016,3.82,41.2
IND,India,South Asia,Asia,NFHS,2015-2016,State,Tamil Nadu,1,,0.02,4.89,39.97
IND,India,South Asia,Asia,NFHS,2015-2016,State,Telangana,1,,0.059,13.74,43.2
IND,India,South Asia,Asia,NFHS,2015-2016,State,Tripura,1,,0.075,16.65,45.02
IND,India,South Asia,Asia,NFHS,2015-2016,State,Uttar Pradesh,1,,0.18,37.79,47.6
IND,India,South Asia,Asia,NFHS,2015-2016,State,Uttarakhand,1,,0.079,17.72,44.37
IND,India,South Asia,Asia,NFHS,2015-2016,State,West Bengal,1,,0.097,21.43,45.49
MWI,Malawi,Sub-Saharan Africa,Africa,IHS4,2016-2017,Region,Northern,1,9.6,0.219,43.7,50.2
MWI,Malawi,Sub-Saharan Africa,Africa,IHS4,2016-2017,Region,Central,1,45.6,0.348,63.4,54.8
MWI,Malawi,Sub-Saharan Africa,Africa,IHS4,2016-2017,Region,Southern,1,45.1,0.351,63.7,55.1
MWI,Malawi,Sub-Saharan Africa,Africa,IHS4,2016-2017,District,Balaka,2,,0.364,66.8,54.5
MWI,Malawi,Sub-Saharan Africa,Africa,IHS4,2016-2017,District,Blantyre,2,,0.323,60.7,53.1
MWI,Malawi,Sub-Saharan Africa,Africa,IHS4,2016-2017,District,Chikwawa,2,,0.421,75.6,55.7
MWI,Malawi,Sub-Saharan Africa,Africa,IHS4,2016-2017,District,Chiradzulu,2,,0.36,67.7,53.3
MWI,Malawi,Sub-Saharan Africa,Africa,IHS4,2016-2017,District,Chitipa,2,,0.262,52.4,50
MWI,Malawi,Sub-Saharan Africa,Africa,IHS4,2016-2017,District,Dedza,2,,0.401,70.2,57.1
MWI,Malawi,Sub-Saharan Africa,Africa,IHS4,2016-2017,District,Dowa,2,,0.359,65.8,54.5
MWI,Malawi,Sub-Saharan Africa,Africa,IHS4,2016-2017,District,Karonga,2,,0.218,43.9,49.6
MWI,Malawi,Sub-Saharan Africa,Africa,IHS4,2016-2017,District,Kasungu,2,,0.384,71.9,53.4
MWI,Malawi,Sub-Saharan Africa,Africa,IHS4,2016-2017,District,Likoma,2,,0.175,234.8,50.3
MWI,Malawi,Sub-Saharan Africa,Africa,IHS4,2016-2017,District,Lilongwe,2,,0.384,69.5,55.3
MWI,Malawi,Sub-Saharan Africa,Africa,IHS4,2016-2017,District,Machinga,2,,0.457,80.2,56.9
MWI,Malawi,Sub-Saharan Africa,Africa,IHS4,2016-2017,District,Mangochi,2,,0.422,74.9,56.3
MWI,Malawi,Sub-Saharan Africa,Africa,IHS4,2016-2017,District,Mchinji,2,,0.406,73.4,55.3
MWI,Malawi,Sub-Saharan Africa,Africa,IHS4,2016-2017,District,Mulange,2,,0.315,57.3,54.9
MWI,Malawi,Sub-Saharan Africa,Africa,IHS4,2016-2017,District,Mwanza,2,,0.403,71.2,56.6
MWI,Malawi,Sub-Saharan Africa,Africa,IHS4,2016-2017,District,Mzimba,2,,0.232,45.6,51
MWI,Malawi,Sub-Saharan Africa,Africa,IHS4,2016-2017,District,Neno,2,,0.38,69.9,54.4
MWI,Malawi,Sub-Saharan Africa,Africa,IHS4,2016-2017,District,Nkhata Bay,2,,0.298,57.6,51.7
MWI,Malawi,Sub-Saharan Africa,Africa,IHS4,2016-2017,District,Nkhotakota,2,,0.355,64.4,55.2
MWI,Malawi,Sub-Saharan Africa,Africa,IHS4,2016-2017,District,Nsanje,2,,0.425,75.9,56
MWI,Malawi,Sub-Saharan Africa,Africa,IHS4,2016-2017,District,Ntcheu,2,,0.373,68.7,54.3
MWI,Malawi,Sub-Saharan Africa,Africa,IHS4,2016-2017,District,Ntchisi,2,,0.38,71.9,52.8
MWI,Malawi,Sub-Saharan Africa,Africa,IHS4,2016-2017,District,Phalombe,2,,0.441,79.6,55.4
MWI,Malawi,Sub-Saharan Africa,Africa,IHS4,2016-2017,District,Rumphi,2,,0.241,49,49.2
MWI,Malawi,Sub-Saharan Africa,Africa,IHS4,2016-2017,District,Salima,2,,0.428,77.4,55.3
MWI,Malawi,Sub-Saharan Africa,Africa,IHS4,2016-2017,District,Thyolo,2,,0.382,67.5,56.6
MWI,Malawi,Sub-Saharan Africa,Africa,IHS4,2016-2017,District,Zomba,2,,0.417,75.3,55.3
MWI,Malawi,Sub-Saharan Africa,Africa,IHS4,2016-2017,District,Mzuzu city,2,,0.059,12.6,46.6
MWI,Malawi,Sub-Saharan Africa,Africa,IHS4,2016-2017,District,Blantyre city,2,,0.092,19.4,47.1
MWI,Malawi,Sub-Saharan Africa,Africa,IHS4,2016-2017,District,Lilongwe city,2,,0.135,25.8,52.3
MWI,Malawi,Sub-Saharan Africa,Africa,IHS4,2016-2017,District,Zomba city,2,,0.098,20.4,47.9
NPL,Nepal,South Asia,Asia,NMICS,2019,province,Province 1,1,16.9,0.053,13,40.8
NPL,Nepal,South Asia,Asia,NMICS,2019,province,Province 2,1,18.8,0.095,21.6,43.9
NPL,Nepal,South Asia,Asia,NMICS,2019,province,Bagmati ,1,23.2,0.02,5,40.4
NPL,Nepal,South Asia,Asia,NMICS,2019,province,Gandaki ,1,8.2,0.025,6.7,37.1
NPL,Nepal,South Asia,Asia,NMICS,2019,province,Lumbini ,1,18.4,0.063,14.9,42.1
NPL,Nepal,South Asia,Asia,NMICS,2019,province,Karnali ,1,5.6,0.151,35.6,42.4
NPL,Nepal,South Asia,Asia,NMICS,2019,province,Sudurpashchim ,1,8.7,0.092,22.7,40.6
PRY,Paraguay,Latin America and the Caribbean,,,2017,departments,Concepción,1,,0.216,52.07,41.483
PRY,Paraguay,Latin America and the Caribbean,,,2017,departments,San Pedro,1,,0.233,55.5,41.982
PRY,Paraguay,Latin America and the Caribbean,,,2017,departments,Cordillera,1,,0.125,33.03,37.844
PRY,Paraguay,Latin America and the Caribbean,,,2017,departments,Guairá,1,,0.175,44.41,39.406
PRY,Paraguay,Latin America and the Caribbean,,,2017,departments,Caaguazú,1,,0.197,47.02,41.897
PRY,Paraguay,Latin America and the Caribbean,,,2017,departments,Caazapá,1,,0.283,64.62,43.794
PRY,Paraguay,Latin America and the Caribbean,,,2017,departments,Itapúa,1,,0.152,36.6,41.53
PRY,Paraguay,Latin America and the Caribbean,,,2017,departments,Misiones,1,,0.098,24.94,39.294
PRY,Paraguay,Latin America and the Caribbean,,,2017,departments,Paraguarí,1,,0.175,44.59,39.246
PRY,Paraguay,Latin America and the Caribbean,,,2017,departments,Alto Paraná,1,,0.112,28.41,39.423
PRY,Paraguay,Latin America and the Caribbean,,,2017,departments,Central,1,,0.06,15.5,38.71
PRY,Paraguay,Latin America and the Caribbean,,,2017,departments,Ñeembucú,1,,0.133,34.48,38.573
PRY,Paraguay,Latin America and the Caribbean,,,2017,departments,Amambay,1,,0.082,22.29,36.788
PRY,Paraguay,Latin America and the Caribbean,,,2017,departments,Canindeyú,1,,0.185,45.17,40.956
PRY,Paraguay,Latin America and the Caribbean,,,2017,departments,Presidente Hayes,1,,0.142,32.42,43.8
PRY,Paraguay,Latin America and the Caribbean,,,2017,departments,Alto Paraguay,1,,,,
PRY,Paraguay,Latin America and the Caribbean,,,2017,departments,Boquerón,1,,,,
PRY,Paraguay,Latin America and the Caribbean,,,2017,departments,Total pais,1,,0.124,30.55,40.589
PRY,Paraguay,Latin America and the Caribbean,,,2017,departments,Asunción,1,,0.036,9.53,37.775
NAM,Namibia,Sub-Saharan Africa,Africa,amibian Household Income and Expenditure Survey (NHIES),2015-2016,region,Karas,1,3.8,0.047,19.6,39.4
NAM,Namibia,Sub-Saharan Africa,Africa,amibian Household Income and Expenditure Survey (NHIES),2015-2016,region,Erongo,1,7.7,0.044,16.6,38
NAM,Namibia,Sub-Saharan Africa,Africa,amibian Household Income and Expenditure Survey (NHIES),2015-2016,region,Hardap,1,3.8,0.071,26.9,40.4
NAM,Namibia,Sub-Saharan Africa,Africa,amibian Household Income and Expenditure Survey (NHIES),2015-2016,region,Kavango East,1,5.8,0.291,70,47.4
NAM,Namibia,Sub-Saharan Africa,Africa,amibian Household Income and Expenditure Survey (NHIES),2015-2016,region,Kavango West,1,4,0.348,79.6,48.5
NAM,Namibia,Sub-Saharan Africa,Africa,amibian Household Income and Expenditure Survey (NHIES),2015-2016,region,Khomas,1,17.6,0.076,25.5,39.5
NAM,Namibia,Sub-Saharan Africa,Africa,amibian Household Income and Expenditure Survey (NHIES),2015-2016,region,Kunene,1,4,0.304,64.1,59.2
NAM,Namibia,Sub-Saharan Africa,Africa,amibian Household Income and Expenditure Survey (NHIES),2015-2016,region,Ohangwena,1,11.4,0.212,56.6,42.7
NAM,Namibia,Sub-Saharan Africa,Africa,amibian Household Income and Expenditure Survey (NHIES),2015-2016,region,Omaheke,1,3.3,0.171,51.4,43.8
NAM,Namibia,Sub-Saharan Africa,Africa,amibian Household Income and Expenditure Survey (NHIES),2015-2016,region,Omusati,1,11.2,0.177,50.7,41.2
NAM,Namibia,Sub-Saharan Africa,Africa,amibian Household Income and Expenditure Survey (NHIES),2015-2016,region,Oshana,1,8.1,0.102,33.1,37.8
NAM,Namibia,Sub-Saharan Africa,Africa,amibian Household Income and Expenditure Survey (NHIES),2015-2016,region,Oshikoto,1,8.3,0.181,50,42.8
NAM,Namibia,Sub-Saharan Africa,Africa,amibian Household Income and Expenditure Survey (NHIES),2015-2016,region,Otjozondjupa,1,6.8,0.149,40.5,50.9
NAM,Namibia,Sub-Saharan Africa,Africa,amibian Household Income and Expenditure Survey (NHIES),2015-2016,region,Zambezi,1,4.3,0.224,60.7,42.9
AGO,Angola,Sub-Saharan Africa,Africa,Multiple Health Indicators Survey (IIMS),2015-2016,province,Cunene,1,3.8,0.41,77.6,52.2
AGO,Angola,Sub-Saharan Africa,Africa,Multiple Health Indicators Survey (IIMS),2015-2016,province,Bié,1,5.6,0.4,78.3,51.1
AGO,Angola,Sub-Saharan Africa,Africa,Multiple Health Indicators Survey (IIMS),2015-2016,province,Lunda Norte,1,3.3,0.39,77.4,50.9
AGO,Angola,Sub-Saharan Africa,Africa,Multiple Health Indicators Survey (IIMS),2015-2016,province,cuanza sul,1,7.3,0.39,61.2,47
AGO,Angola,Sub-Saharan Africa,Africa,Multiple Health Indicators Survey (IIMS),2015-2016,province,Huila,1,9.7,0.39,74,53
AGO,Angola,Sub-Saharan Africa,Africa,Multiple Health Indicators Survey (IIMS),2015-2016,province,moxico,1,2.9,0.38,76.2,49.4
AGO,Angola,Sub-Saharan Africa,Africa,Multiple Health Indicators Survey (IIMS),2015-2016,province,When Cubango,1,2.1,0.38,74.8,50.1
AGO,Angola,Sub-Saharan Africa,Africa,Multiple Health Indicators Survey (IIMS),2015-2016,province,Uíge,1,5.7,0.37,74.2,49.4
AGO,Angola,Sub-Saharan Africa,Africa,Multiple Health Indicators Survey (IIMS),2015-2016,province,Huambo,1,7.9,0.35,71.8,48.8
AGO,Angola,Sub-Saharan Africa,Africa,Multiple Health Indicators Survey (IIMS),2015-2016,province,Lunda Sul,1,2.1,0.35,69.6,49.9
AGO,Angola,Sub-Saharan Africa,Africa,Multiple Health Indicators Survey (IIMS),2015-2016,province,Malanje,1,3.8,0.33,67,49.1
AGO,Angola,Sub-Saharan Africa,Africa,Multiple Health Indicators Survey (IIMS),2015-2016,province,Cuanza Norte,1,1.7,0.29,73.5,53.3
AGO,Angola,Sub-Saharan Africa,Africa,Multiple Health Indicators Survey (IIMS),2015-2016,province,Bengo,1,1.4,0.29,62.5,45.9
AGO,Angola,Sub-Saharan Africa,Africa,Multiple Health Indicators Survey (IIMS),2015-2016,province,Benguela,1,8.6,0.28,55.2,50
AGO,Angola,Sub-Saharan Africa,Africa,Multiple Health Indicators Survey (IIMS),2015-2016,province,Namib,1,1.9,0.26,52.1,50.6
AGO,Angola,Sub-Saharan Africa,Africa,Multiple Health Indicators Survey (IIMS),2015-2016,province,Zaire,1,2.3,0.22,51.8,42.6
AGO,Angola,Sub-Saharan Africa,Africa,Multiple Health Indicators Survey (IIMS),2015-2016,province,cabin,1,3.8,0.15,34.1,44.8
AGO,Angola,Sub-Saharan Africa,Africa,Multiple Health Indicators Survey (IIMS),2015-2016,province,Luanda,1,27.1,0.09,23.7,39.6
GHA,Ghana,Sub-Saharan Africa,Africa,Ghana Living Standards Survey ,2016-2017,region,Western,1,,0.235,47.6,49.4
GHA,Ghana,Sub-Saharan Africa,Africa,Ghana Living Standards Survey ,2016-2017,region,Central,1,,0.239,47.6,50.1
GHA,Ghana,Sub-Saharan Africa,Africa,Ghana Living Standards Survey ,2016-2017,region,Greater Accra,1,,0.102,22.5,45.5
GHA,Ghana,Sub-Saharan Africa,Africa,Ghana Living Standards Survey ,2016-2017,region,Volta,1,,0.306,58.2,52.7
GHA,Ghana,Sub-Saharan Africa,Africa,Ghana Living Standards Survey ,2016-2017,region,Eastern,1,,0.217,44,49.3
GHA,Ghana,Sub-Saharan Africa,Africa,Ghana Living Standards Survey ,2016-2017,region,Ashanti,1,,0.147,31.1,47.5
GHA,Ghana,Sub-Saharan Africa,Africa,Ghana Living Standards Survey ,2016-2017,region,Ahafo,1,,0.255,49.4,51.6
GHA,Ghana,Sub-Saharan Africa,Africa,Ghana Living Standards Survey ,2016-2017,region,Northern,1,,0.491,80.8,60.7
GHA,Ghana,Sub-Saharan Africa,Africa,Ghana Living Standards Survey ,2016-2017,region,Upper East,1,,0.359,68,52.8
GHA,Ghana,Sub-Saharan Africa,Africa,Ghana Living Standards Survey ,2016-2017,region,Upper West,1,,0.348,65.5,53.1
PSE,Palestine,Western Asia,Asia,PECS ,2016-2017,region,West Bank,1,,0.043,10.6,40.2
PSE,Palestine,Western Asia,Asia,PECS ,2016-2017,region,Gaza Strip,1,,0.194,44.7,44.24
MDV,Maldives,South Asia,Asia,DHS,2016-2017,region,Male,1,39,0.047,9.6,48.7
MDV,Maldives,South Asia,Asia,DHS,2016-2017,region,North,1,13.8,0.231,44,52.4
MDV,Maldives,South Asia,Asia,DHS,2016-2017,region,North Central ,1,13.3,0.185,36.5,50.7
MDV,Maldives,South Asia,Asia,DHS,2016-2017,region,Central ,1,6.3,0.239,46.7,51.2
MDV,Maldives,South Asia,Asia,DHS,2016-2017,region,South Central,1,12.4,0.198,38.5,51.4
MDV,Maldives,South Asia,Asia,DHS,2016-2017,region,South,1,15.2,0.2,39,51.1
SYC,Seychelles,Eastern Africa,Africa,Quarterly Labour Force Survey (QLFS) of quarter 3 ,2019,island,Mahe,1,88,0.041,12,33.39
SYC,Seychelles,Eastern Africa,Africa,Quarterly Labour Force Survey (QLFS) of quarter 3 ,2019,island,Inner islands,1,12,0.022,7.41,30.3
THA,Thailand,South East Asia,Asia,MICS,2015-2016,region,Bangkok,1,9,0.057,17.3,33
THA,Thailand,South East Asia,Asia,MICS,2015-2016,region,Nonthaburi,1,27,0.06,17.6,34.4
THA,Thailand,South East Asia,Asia,MICS,2015-2016,region,Phra Nakhon Si Ayutthaya,1,27,0.06,17.6,34.4
THA,Thailand,South East Asia,Asia,MICS,2015-2016,region,Saraburi,1,27,0.06,17.6,34.4
THA,Thailand,South East Asia,Asia,MICS,2015-2016,region,Chiang Mai,1,16,0.084,23.2,36.1
THA,Thailand,South East Asia,Asia,MICS,2015-2016,region,Chiang Rai,1,16,0.084,23.2,36.1
THA,Thailand,South East Asia,Asia,MICS,2015-2016,region,Lampang,1,16,0.084,23.2,36.1
THA,Thailand,South East Asia,Asia,MICS,2015-2016,region,Lamphun,1,16,0.084,23.2,36.1
THA,Thailand,South East Asia,Asia,MICS,2015-2016,region,Nakhon Ratchasima,1,32,0.088,25.6,34.5
THA,Thailand,South East Asia,Asia,MICS,2015-2016,region, Ubon Ratchathani,1,32,0.088,25.6,34.5
THA,Thailand,South East Asia,Asia,MICS,2015-2016,region,Khon Kaen,1,32,0.088,25.6,34.5
THA,Thailand,South East Asia,Asia,MICS,2015-2016,region,Udon Thani,1,32,0.088,25.6,34.5
THA,Thailand,South East Asia,Asia,MICS,2015-2016,region,Nakhon Si Thammarat,1,16,0.072,20.6,35.1
THA,Thailand,South East Asia,Asia,MICS,2015-2016,region,Songkhla,1,16,0.072,20.6,35.1
THA,Thailand,South East Asia,Asia,MICS,2015-2016,region,Phuket,1,16,0.072,20.6,35.1
SLE,Sierra Leone,West Africa,Africa,MICS,2017,region,Eastern,1,23.2,0.385,67.6,57
SLE,Sierra Leone,West Africa,Africa,MICS,2017,region,Northern,1,33.7,0.452,75.8,59.6
SLE,Sierra Leone,West Africa,Africa,MICS,2017,region,Southern,1,20,0.456,76,60
SLE,Sierra Leone,West Africa,Africa,MICS,2017,region,Western,1,23.1,0.182,36.2,50.2
SLE,Sierra Leone,West Africa,Africa,MICS,2017,district,Western Urban,2,15.9,0.14,28.5,48.9
SLE,Sierra Leone,West Africa,Africa,MICS,2017,district,Western Rural,2,7.2,0.275,53,51.8
SLE,Sierra Leone,West Africa,Africa,MICS,2017,district,Bo,2,8.8,0.367,64.9,56.6
SLE,Sierra Leone,West Africa,Africa,MICS,2017,district,Kenema,2,10,0.354,62.4,56.8
SLE,Sierra Leone,West Africa,Africa,MICS,2017,district,Kailahun,2,6.4,0.441,77.6,56.8
SLE,Sierra Leone,West Africa,Africa,MICS,2017,district,Kono,2,6.9,0.378,65.9,57.4
SLE,Sierra Leone,West Africa,Africa,MICS,2017,district,Kambia,2,4.7,0.447,77.3,57.9
SLE,Sierra Leone,West Africa,Africa,MICS,2017,district,Bombali,2,8.4,0.386,65.9,58.6
SLE,Sierra Leone,West Africa,Africa,MICS,2017,district,Port Loko,2,8.8,0.419,70.9,59.1
SLE,Sierra Leone,West Africa,Africa,MICS,2017,district,Koinadugu,2,5.2,0.521,86.5,60.3
SLE,Sierra Leone,West Africa,Africa,MICS,2017,district,Moyamba,2,4.7,0.517,83.7,61.8
SLE,Sierra Leone,West Africa,Africa,MICS,2017,district,Tonkolili,2,6.7,0.528,85.4,61.9
SLE,Sierra Leone,West Africa,Africa,MICS,2017,district,Bonthe,2,2.6,0.511,82.5,61.9
SLE,Sierra Leone,West Africa,Africa,MICS,2017,district,Pujehun,2,3.9,0.544,87.2,62.4
PAK,Pakistan,South Asia,Asia,PSLM,2014-2015,province,Punjab,1,,0.152,31.4,48.4
PAK,Pakistan,South Asia,Asia,PSLM,2014-2015,province,Sindh,1,,0.231,43.1,53.5
PAK,Pakistan,South Asia,Asia,PSLM,2014-2015,province,Khyber Pakhtunkhwa,1,,0.25,49.2,50.7
PAK,Pakistan,South Asia,Asia,PSLM,2014-2015,province,Balochistan,1,,0.394,71.2,55.3
PAK,Pakistan,South Asia,Asia,PSLM,2014-2015,province,Gilgit Baltistan,1,,0.209,43.2,48.3
PAK,Pakistan,South Asia,Asia,PSLM,2014-2015,province,Azad Kashmir,1,,0.115,24.9,46.3
PAK,Pakistan,South Asia,Asia,PSLM,2014-2015,province,FATA,1,,0.337,73.7,45.8
ML,Mali,West Africa,Africa,DHS,2018,region,Bamako,1,14.9,0.11,25.5,43.3
ML,Mali,West Africa,Africa,DHS,2018,region,Gao,1,2.8,0.473,83.7,56.4
ML,Mali,West Africa,Africa,DHS,2018,region,Kayes,1,14.4,0.421,75.1,56
ML,Mali,West Africa,Africa,DHS,2018,region,Kidal,1,0.1,0.476,83.8,56.8
ML,Mali,West Africa,Africa,DHS,2018,region,Koulikoro,1,19.2,0.353,64.3,54.8
ML,Mali,West Africa,Africa,DHS,2018,region,Mopti,1,11.8,0.496,86.4,57.4
ML,Mali,West Africa,Africa,DHS,2018,region,Sikasso,1,16.8,0.416,77.8,53.5
ML,Mali,West Africa,Africa,DHS,2018,region,Ségou,1,16.1,0.424,76.2,55.6
ML,Mali,West Africa,Africa,DHS,2018,region,Timbuktu,1,3.9,0.535,87.5,61.2
MOZ,Mozambique,South Africa,Africa,DHS,2011,region,Cabo Delgado,1,8,0.54,88.8,60.8
MOZ,Mozambique,South Africa,Africa,DHS,2011,region,Gaza,1,5.5,0.355,66.5,53.4
MOZ,Mozambique,South Africa,Africa,DHS,2011,region,Inhambane,1,5.9,0.366,70.5,52
MOZ,Mozambique,South Africa,Africa,DHS,2011,region,Manica,1,6.6,0.335,65.2,51.4
MOZ,Mozambique,South Africa,Africa,DHS,2011,region,Maputo,1,6.8,0.147,31.4,46.9
MOZ,Mozambique,South Africa,Africa,DHS,2011,region,Maputo City,1,5.1,0.043,10.3,41.9
MOZ,Mozambique,South Africa,Africa,DHS,2011,region,Nampula,1,15.5,0.456,80.1,56.9
MOZ,Mozambique,South Africa,Africa,DHS,2011,region,Niassa,1,5.9,0.481,83.1,57.9
MOZ,Mozambique,South Africa,Africa,DHS,2011,region,Sofala,1,9.3,0.406,72.8,55.8
MOZ,Mozambique,South Africa,Africa,DHS,2011,region,Tete,1,12.5,0.482,82.3,58.6
MOZ,Mozambique,South Africa,Africa,DHS,2011,region,Zambezia,1,18.9,0.536,89.3,60
BTN,Bhutan,South Central Asia,Asia,BLSS,2022,region,Bumthang,1,,0.044,10.5,41.5
BTN,Bhutan,South Central Asia,Asia,BLSS,2022,region,Chhukha,1,,0.073,17.6,41.4
BTN,Bhutan,South Central Asia,Asia,BLSS,2022,region,Dagana,1,,0.092,21.3,42.9
BTN,Bhutan,South Central Asia,Asia,BLSS,2022,region,Gasa,1,,0.154,33.9,45.4
BTN,Bhutan,South Central Asia,Asia,BLSS,2022,region,Haa,1,,0.066,14.2,46.3
BTN,Bhutan,South Central Asia,Asia,BLSS,2022,region,Lhuentse,1,,0.114,25.9,44
BTN,Bhutan,South Central Asia,Asia,BLSS,2022,region,Monggar,1,,0.107,24.9,42.9
BTN,Bhutan,South Central Asia,Asia,BLSS,2022,region,Paro,1,,0.032,8.1,39.4
BTN,Bhutan,South Central Asia,Asia,BLSS,2022,region,Pema Gatshel,1,,0.11,25.7,42.8
BTN,Bhutan,South Central Asia,Asia,BLSS,2022,region,Punakha,1,,0.077,18.8,41.2
BTN,Bhutan,South Central Asia,Asia,BLSS,2022,region,Samdrup Jongkhar,1,,0.1,23.3,43.1
BTN,Bhutan,South Central Asia,Asia,BLSS,2022,region,Samtse,1,,0.165,36.9,44.6
BTN,Bhutan,South Central Asia,Asia,BLSS,2022,region,Sarpang,1,,0.074,17.7,41.9
BTN,Bhutan,South Central Asia,Asia,BLSS,2022,region,Thimphu,1,,0.028,6.8,40.9
BTN,Bhutan,South Central Asia,Asia,BLSS,2022,region,Trashigang,1,,0.079,18.1,43.3
BTN,Bhutan,South Central Asia,Asia,BLSS,2022,region,Trashi Yangtse,1,,0.065,16.1,40.1
BTN,Bhutan,South Central Asia,Asia,BLSS,2022,region,Trongsa,1,,0.053,13.2,40
BTN,Bhutan,South Central Asia,Asia,BLSS,2022,region,Tsirang,1,,0.112,25.6,43.9
BTN,Bhutan,South Central Asia,Asia,BLSS,2022,region,Wangdue Phodrang,1,,0.075,17.7,42.1
BTN,Bhutan,South Central Asia,Asia,BLSS,2022,region,Zhemgang,1,,0.133,29.7,44.9
LKA,Sri Lanka,South Asia,Asia,HIES,2019,district,Colombo,2,9.8,0.014,3.5,39.9
LKA,Sri Lanka,South Asia,Asia,HIES,2019,district,Gampaha,2,7.9,0.019,5.1,37.9
LKA,Sri Lanka,South Asia,Asia,HIES,2019,district,Jaffna,2,6.1,0.039,10,39.6
LKA,Sri Lanka,South Asia,Asia,HIES,2019,district,Galle,2,6,0.041,10,40.7
LKA,Sri Lanka,South Asia,Asia,HIES,2019,district,Puttalam,2,3,0.044,10,43.9
LKA,Sri Lanka,South Asia,Asia,HIES,2019,district,Kalutara,2,3.9,0.046,11.5,40.4
LKA,Sri Lanka,South Asia,Asia,HIES,2019,district,Kurunegala,2,5.7,0.048,11.8,40.8
LKA,Sri Lanka,South Asia,Asia,HIES,2019,district,Mullaitivu,2,5.4,0.054,13.8,38.8
LKA,Sri Lanka,South Asia,Asia,HIES,2019,district,Ampara,2,3.5,0.058,13.9,41.9
LKA,Sri Lanka,South Asia,Asia,HIES,2019,district,Trincomalee,2,3.7,0.059,14.6,40.5
LKA,Sri Lanka,South Asia,Asia,HIES,2019,district,Kilinochchi,2,1.6,0.06,15.2,39.1
LKA,Sri Lanka,South Asia,Asia,HIES,2019,district,Anuradhapura,2,1.9,0.071,18,39.5
LKA,Sri Lanka,South Asia,Asia,HIES,2019,district,Matara,2,1.3,0.074,17.4,42.8
LKA,Sri Lanka,South Asia,Asia,HIES,2019,district,Kegalle,2,2,0.075,18.2,41.6
LKA,Sri Lanka,South Asia,Asia,HIES,2019,district,Matale,2,3.2,0.081,20.4,39.7
LKA,Sri Lanka,South Asia,Asia,HIES,2019,district,Hambantota,2,3.7,0.081,20.4,40
LKA,Sri Lanka,South Asia,Asia,HIES,2019,district,Batticaloa,2,2.8,0.085,20.2,42.1
LKA,Sri Lanka,South Asia,Asia,HIES,2019,district,Polonnaruwa,2,6.1,0.085,20.2,42.1
LKA,Sri Lanka,South Asia,Asia,HIES,2019,district,Kandy,2,3,0.096,21.9,43.7
LKA,Sri Lanka,South Asia,Asia,HIES,2019,district,Vavuniya,2,3.2,0.11,26.3,41.7
LKA,Sri Lanka,South Asia,Asia,HIES,2019,district,Mannar,2,2.7,0.112,27,41.4
LKA,Sri Lanka,South Asia,Asia,HIES,2019,district,Ratnapura,2,3.5,0.116,28,41.3
LKA,Sri Lanka,South Asia,Asia,HIES,2019,district,Monaragala,2,2.9,0.141,32.7,43.2
LKA,Sri Lanka,South Asia,Asia,HIES,2019,district,Badulla,2,4.2,0.153,36.6,41.8
LKA,Sri Lanka,South Asia,Asia,HIES,2019,district,Nuwara Eliya,2,3.1,0.193,44.2,43.8
WSM,Samoa,East Asia and the Pacific,Oceania,HIES,2018,region,Apia Urban Area,1,,0.048,11.4,42.2
WSM,Samoa,East Asia and the Pacific,Oceania,HIES,2018,region,North West Upolu,1,,0.099,22.2,44.5
WSM,Samoa,East Asia and the Pacific,Oceania,HIES,2018,region,Rest of Upolu,1,,0.151,34.3,44.1
WSM,Samoa,East Asia and the Pacific,Oceania,HIES,2018,region,Savaii,1,,0.134,30.8,43.6
KGZ,Kyrgyzstan,Central Asia,Asia,Kyrgyz Integrated Household Survey (KIHS),2016,,Issykul,,,0.253,45.7,55.3
KGZ,Kyrgyzstan,Central Asia,Asia,Kyrgyz Integrated Household Survey (KIHS),2016,,Jalal-Abad,,,0.351,59.6,58.8
KGZ,Kyrgyzstan,Central Asia,Asia,Kyrgyz Integrated Household Survey (KIHS),2016,,Naryn,,,0.331,58.3,56.8
KGZ,Kyrgyzstan,Central Asia,Asia,Kyrgyz Integrated Household Survey (KIHS),2016,,Batken,,,0.413,64.9,63.6
KGZ,Kyrgyzstan,Central Asia,Asia,Kyrgyz Integrated Household Survey (KIHS),2016,,Osh,,,0.324,57.5,56.3
KGZ,Kyrgyzstan,Central Asia,Asia,Kyrgyz Integrated Household Survey (KIHS),2016,,Talas,,,0.244,49.8,48.9
KGZ,Kyrgyzstan,Central Asia,Asia,Kyrgyz Integrated Household Survey (KIHS),2016,,Chui,,,0.253,45.4,55.8
KGZ,Kyrgyzstan,Central Asia,Asia,Kyrgyz Integrated Household Survey (KIHS),2016,,Bishkek,,,0.122,26.7,45.5
KGZ,Kyrgyzstan,Central Asia,Asia,Kyrgyz Integrated Household Survey (KIHS),2016,,Osh city,,,0.251,47.3,53.1
RWA,Rwanda,East Africa,Africa,Integrated Household Living Conditions Survey (EICV 3-5),2016-2017,,Kigali City,1,,0.068,13.3,50.8
RWA,Rwanda,East Africa,Africa,,2016-2017,,Southern Province,1,,0.19,36,52.7
RWA,Rwanda,East Africa,Africa,,2016-2017,,Western Province,1,,0.158,30.8,51.2
RWA,Rwanda,East Africa,Africa,,2016-2017,,Northern Province,1,,0.114,22.9,49.7
RWA,Rwanda,East Africa,Africa,,2016-2017,,Eastern Province,1,,0.167,32.2,51.7
SEN,Senegal,West Africa,Africa,,2011,,Dakar,1,,0.08,19.7,38.7
SEN,Senegal,West Africa,Africa,,2011,,Ziguinchor,1,,0.17,46.3,37.8
SEN,Senegal,West Africa,Africa,,2011,,Diourbel,1,,0.34,79.7,43.3
SEN,Senegal,West Africa,Africa,,2011,,Saint-Louis,1,,0.28,69.4,41
SEN,Senegal,West Africa,Africa,,2011,,Tambacounda,1,,0.36,81.8,44.5
SEN,Senegal,West Africa,Africa,,2011,,Kaolack,1,,0.32,75.6,42.5
SEN,Senegal,West Africa,Africa,,2011,,Thiès,1,,0.27,62.6,42.7
SEN,Senegal,West Africa,Africa,,2011,,Louga,1,,0.35,79.3,44.6
SEN,Senegal,West Africa,Africa,,2011,,Fatick,1,,0.3,73.4,41.5
SEN,Senegal,West Africa,Africa,,2011,,Kolda,1,,0.38,86.4,44.5
SEN,Senegal,West Africa,Africa,,2011,,Matam,1,,0.35,81.4,43
SEN,Senegal,West Africa,Africa,,2011,,Kaffrine,1,,0.38,86.1,43.8
SEN,Senegal,West Africa,Africa,,2011,,Kédougou,1,,0.35,84,41.6
SEN,Senegal,West Africa,Africa,,2011,,Sédhiou,1,,0.36,82.6,43.4
VNM,Vietnam,Southeast Asia,Asia,Viet Nam Household Living Standards Survey,2020,Region,Red river delta ,1,,0.001,0.3,32.8
VNM,Vietnam,Southeast Asia,Asia,Viet Nam Household Living Standards Survey,2020,Region,Northern midland and mountain area,1,,0.027,7.4,36
VNM,Vietnam,Southeast Asia,Asia,Viet Nam Household Living Standards Survey,2020,Region,North Central and Central Coastal,1,,0.011,3.3,34
VNM,Vietnam,Southeast Asia,Asia,Viet Nam Household Living Standards Survey,2020,Region,Central Highland,1,,0.031,8.9,34.7
VNM,Vietnam,Southeast Asia,Asia,Viet Nam Household Living Standards Survey,2020,Region,South East,1,,0.02,6.2,32.7
VNM,Vietnam,Southeast Asia,Asia,Viet Nam Household Living Standards Survey,2020,Region,ĐBSCL,1,,0.027,8.1,33.8
COL,Colombia,,South America,National Quality of Life Survey (ECV) 2021 and 2022,2021,Region,Caribbean,1,,0.112292,26.8,41.9
COL,Colombia,,South America,National Quality of Life Survey (ECV) 2021 and 2023,2021,Region,Oriental,1,,0.055074,13.7,40.2
COL,Colombia,,South America,National Quality of Life Survey (ECV) 2021 and 2024,2021,Region,Central,1,,0.058065,14.7,39.5
COL,Colombia,,South America,National Quality of Life Survey (ECV) 2021 and 2025,2021,Region,Pacifica (without Valle del Cauca),1,,0.094432,22.7,41.6
COL,Colombia,,South America,National Quality of Life Survey (ECV) 2021 and 2026,2021,Region,Bogota,1,,0.022458,5.7,39.4
COL,Colombia,,South America,National Quality of Life Survey (ECV) 2021 and 2027,2021,Region,Antioch,1,,0.056485,14.3,39.5
COL,Colombia,,South America,National Quality of Life Survey (ECV) 2021 and 2028,2021,Region,Cauca's Valley,1,,0.034228,8.6,39.8
COL,Colombia,,South America,National Quality of Life Survey (ECV) 2021 and 2029,2022,Region,Caribbean,1,,0.088382,21.4,41.3
COL,Colombia,,South America,National Quality of Life Survey (ECV) 2021 and 2030,2022,Region,Oriental,1,,0.042158,10.7,39.4
COL,Colombia,,South America,National Quality of Life Survey (ECV) 2021 and 2031,2022,Region,Central,1,,0.045864,11.7,39.2
COL,Colombia,,South America,National Quality of Life Survey (ECV) 2021 and 2032,2022,Region,Pacifica (without Valle del Cauca),1,,0.08487,20.7,41
COL,Colombia,,South America,National Quality of Life Survey (ECV) 2021 and 2033,2022,Region,Bogota,1,,0.014706,3.8,38.7
COL,Colombia,,South America,National Quality of Life Survey (ECV) 2021 and 2034,2022,Region,Antioch,1,,0.041944,10.7,39.2
COL,Colombia,,South America,National Quality of Life Survey (ECV) 2021 and 2035,2022,Region,Cauca's Valley,1,,0.038024,9.7,39.2
GTM,Guatemala,,Central America,Encovi ,2014,Region,Metropolitan ,1,,0.139,30.7,45.2
GTM,Guatemala,,Central America,Encovi ,2014,Region,Central ,1,,0.234,52.8,44.4
GTM,Guatemala,,Central America,Encovi ,2014,Region,Southwestern ,1,,0.302,66.3,45.5
GTM,Guatemala,,Central America,Encovi ,2014,Region,Northeast ,1,,0.336,65.9,51
GTM,Guatemala,,Central America,Encovi ,2014,Region,Southeast ,1,,0.352,71.7,49
GTM,Guatemala,,Central America,Encovi ,2014,Region,Northwest ,1,,0.359,74.5,48.2
GTM,Guatemala,,Central America,Encovi ,2014,Region,Petén ,1,,0.411,81.9,50.2
GTM,Guatemala,,Central America,Encovi ,2014,Region,Norte ,1,,0.508,87.3,58.2
LKA,Sri Lanka,,,National Citizen Survey,2022-2023,Province,Central,1,,0.189,51.9,36.4
LKA,Sri Lanka,,,National Citizen Survey,2022-2023,Province,Eastern,1,,0.253,67,37.7
LKA,Sri Lanka,,,National Citizen Survey,2022-2023,Province,North Central,1,,0.227,60.7,37.5
LKA,Sri Lanka,,,National Citizen Survey,2022-2023,Province,North Western,1,,0.205,54.8,37.5
LKA,Sri Lanka,,,National Citizen Survey,2022-2023,Province,Northern,1,,0.241,64.9,37.2
LKA,Sri Lanka,,,National Citizen Survey,2022-2023,Province,Sabaragamuwa,1,,0.211,56.2,37.6
LKA,Sri Lanka,,,National Citizen Survey,2022-2023,Province,Southern,1,,0.185,51.2,36.2
LKA,Sri Lanka,,,National Citizen Survey,2022-2023,Province,Uva,1,,0.206,56.5,36.4
LKA,Sri Lanka,,,National Citizen Survey,2022-2023,Province,Western,1,,0.191,51.6,37
LKA,Sri Lanka,,,National Citizen Survey,2022-2023,District,Ampara,2,,0.263,70.1,37.6
LKA,Sri Lanka,,,National Citizen Survey,2022-2023,District,Anuradhapura,2,,0.226,60.1,37.6
LKA,Sri Lanka,,,National Citizen Survey,2022-2023,District,Badulla,2,,0.205,55.9,36.7
LKA,Sri Lanka,,,National Citizen Survey,2022-2023,District,Batticaloa,2,,0.279,71.1,39.2
LKA,Sri Lanka,,,National Citizen Survey,2022-2023,District,Colombo,2,,0.189,49.7,38
LKA,Sri Lanka,,,National Citizen Survey,2022-2023,District,Galle,2,,0.162,46.3,34.9
LKA,Sri Lanka,,,National Citizen Survey,2022-2023,District,Gampaha,2,,0.205,56.1,36.6
LKA,Sri Lanka,,,National Citizen Survey,2022-2023,District,Hambantota,2,,0.212,57.5,36.9
LKA,Sri Lanka,,,National Citizen Survey,2022-2023,District,Jaffna,2,,0.209,58.2,36
LKA,Sri Lanka,,,National Citizen Survey,2022-2023,District,Kalutara,2,,0.171,47,36.4
LKA,Sri Lanka,,,National Citizen Survey,2022-2023,District,Kandy,2,,0.176,48.1,36.6
LKA,Sri Lanka,,,National Citizen Survey,2022-2023,District,Kegalle,2,,0.178,48.8,36.4
LKA,Sri Lanka,,,National Citizen Survey,2022-2023,District,Kurunegala,2,,0.167,46.9,35.6
LKA,Sri Lanka,,,National Citizen Survey,2022-2023,District,Kilinochchi,2,,0.27,70.8,38.2
LKA,Sri Lanka,,,National Citizen Survey,2022-2023,District,Matale,2,,0.142,41.5,34.3
LKA,Sri Lanka,,,National Citizen Survey,2022-2023,District,Matara,2,,0.189,51.4,36.8
LKA,Sri Lanka,,,National Citizen Survey,2022-2023,District,Monaragala,2,,0.207,57.4,36
LKA,Sri Lanka,,,National Citizen Survey,2022-2023,District,Mannar,2,,0.221,61,36.3
LKA,Sri Lanka,,,National Citizen Survey,2022-2023,District,Mullaitivu,2,,0.279,72.4,38.6
LKA,Sri Lanka,,,National Citizen Survey,2022-2023,District,Nuwara Eliya,2,,0.246,66.7,36.9
LKA,Sri Lanka,,,National Citizen Survey,2022-2023,District,Polonnaruwa,2,,0.23,61.9,37.2
LKA,Sri Lanka,,,National Citizen Survey,2022-2023,District,Puttalam,2,,0.288,71.8,40.1
LKA,Sri Lanka,,,National Citizen Survey,2022-2023,District,Ratnapura,2,,0.237,61.8,38.4
LKA,Sri Lanka,,,National Citizen Survey,2022-2023,District,Trincomalee,2,,0.198,55.9,35.4
LKA,Sri Lanka,,,National Citizen Survey,2022-2023,District,Vavuniya,2,,0.248,66.9,37.1
